,album,
1,1,1
1,2,2
1,,3
1,3,4
1,,5
1,4,6
1,7,7
1,5,8
1,1,9
1,1,10
1,6,11
1,,12
1,7,13
1,8,14
1,9,15
1,10,16
1,11,17
1,10,18
1,,19
1,12,20
1,13,21
1,12,22
1,14,23
1,15,24
1,15,25
1,16,26
1,17,27
1,17,28
1,18,29
1,19,30
1,20,31
1,,32
1,20,33
1,21,34
1,22,35
1,21,36
1,,37
1,24,38
1,24,39
1,24,40
1,,41
1,,42
1,,43
1,,44
1,,45
1,,46
1,25,47
1,26,48
1,28,49
1,28,50
1,29,51
1,30,52
1,31,53
1,32,54
1,32,55
1,33,56
1,34,57
1,35,58
1,36,59
1,37,60
1,38,61
1,39,62
1,40,63
1,40,64
1,41,65
1,42,66
1,42,67
1,43,68
1,44,69
1,45,70
1,46,71
1,,72
1,47,73
1,48,74
1,49,75
1,50,76
1,,77
1,51,78
1,51,79
1,,80
1,,81
1,,82
1,52,83
1,53,84
1,,85
1,54,86
1,55,87
1,56,88
1,57,89
1,57,90
1,58,91
1,58,92
1,59,93
1,,94
1,60,95
1,61,96
